{
    "nose": {
        "y": 284.8186645508,
        "x": 349.8208987713
    },
    "left-eye": {
        "y": 265.2520446777,
        "x": 349.632242918
    },
    "right-eye": {
        "y": 265.8886108398,
        "x": 331.3935703039
    },
    "left-ear": {
        "y": 273.7940673828,
        "x": 337.4250000715
    },
    "right-ear": {
        "y": 281.6421508789,
        "x": 298.5553041101
    },
    "left-shoulder": {
        "y": 377.9854125977,
        "x": 384.4360935688
    },
    "right-shoulder": {
        "y": 372.0690917969,
        "x": 248.7774395943
    },
    "left-elbow": {
        "y": 541.9702148438,
        "x": 393.9237105846
    },
    "right-elbow": {
        "y": 495.2207641602,
        "x": 211.1385691166
    },
    "left-wrist": {
        "y": 616.2032470703,
        "x": 330.918213129
    },
    "right-wrist": {
        "y": 588.4966430664,
        "x": 240.3726410866
    },
    "left-hip": {
        "y": 632.6685791016,
        "x": 352.920615077
    },
    "right-hip": {
        "y": 625.689453125,
        "x": 275.790374279
    },
    "left-knee": {
        "y": 663.3721923828,
        "x": 401.0777628422
    },
    "right-knee": {
        "y": 695.9959716797,
        "x": 211.6814616323
    },
    "left-ankle": {
        "y": 885.7267456055,
        "x": 348.7493079901
    },
    "right-ankle": {
        "y": 874.3885498047,
        "x": 257.9761022329
    }
}