{
    "nose": {
        "y": 179.2796478271,
        "x": 443.2757363319
    },
    "left-eye": {
        "y": 167.6534423828,
        "x": 452.5113227963
    },
    "right-eye": {
        "y": 167.3518066406,
        "x": 426.6337065697
    },
    "left-ear": {
        "y": 180.0935516357,
        "x": 455.9699020386
    },
    "right-ear": {
        "y": 182.2176513672,
        "x": 392.5137915909
    },
    "left-shoulder": {
        "y": 293.8896484375,
        "x": 488.7457848787
    },
    "right-shoulder": {
        "y": 295.4784240723,
        "x": 351.0486244261
    },
    "left-elbow": {
        "y": 421.3579101562,
        "x": 535.1821013689
    },
    "right-elbow": {
        "y": 414.6822509766,
        "x": 307.5690810084
    },
    "left-wrist": {
        "y": 530.9017944336,
        "x": 507.7479804754
    },
    "right-wrist": {
        "y": 527.2494506836,
        "x": 332.0224844813
    },
    "left-hip": {
        "y": 550.8869628906,
        "x": 470.8385367393
    },
    "right-hip": {
        "y": 554.4083862305,
        "x": 385.3026863337
    },
    "left-knee": {
        "y": 767.0783081055,
        "x": 479.4650434256
    },
    "right-knee": {
        "y": 773.9921875,
        "x": 426.9439335465
    },
    "left-ankle": {
        "y": 897.9289550781,
        "x": 401.4602152705
    },
    "right-ankle": {
        "y": 929.8288574219,
        "x": 409.2039541304
    }
}