{
    "nose": {
        "y": 237.6353149414,
        "x": 390.8067626953
    },
    "left-eye": {
        "y": 226.5948486328,
        "x": 395.3784484863
    },
    "right-eye": {
        "y": 228.5653076172,
        "x": 378.4351043701
    },
    "left-ear": {
        "y": 237.0837249756,
        "x": 390.4633483887
    },
    "right-ear": {
        "y": 239.4909973145,
        "x": 349.497505188
    },
    "left-shoulder": {
        "y": 334.0560302734,
        "x": 411.5614471436
    },
    "right-shoulder": {
        "y": 322.927154541,
        "x": 308.4938049316
    },
    "left-elbow": {
        "y": 429.3368530273,
        "x": 422.4617614746
    },
    "right-elbow": {
        "y": 404.4587402344,
        "x": 257.8506317139
    },
    "left-wrist": {
        "y": 513.3663330078,
        "x": 413.4536590576
    },
    "right-wrist": {
        "y": 474.7309265137,
        "x": 286.5280609131
    },
    "left-hip": {
        "y": 545.2320556641,
        "x": 380.6600646973
    },
    "right-hip": {
        "y": 538.7952880859,
        "x": 313.9710845947
    },
    "left-knee": {
        "y": 694.5028076172,
        "x": 337.3396911621
    },
    "right-knee": {
        "y": 713.7398681641,
        "x": 308.1855926514
    },
    "left-ankle": {
        "y": 875.9703369141,
        "x": 308.8100738525
    },
    "right-ankle": {
        "y": 899.2774658203,
        "x": 340.286567688
    }
}